{
  "frontend": {
    "particle": [
      {
        "uuid": "4122731010-810112-4279-9996-81213010117686415",
        "name": "emitter",
        "pool": true,
        "child": {
          "uuid": "13142652714-1215913-46110-931111-811121441211715812",
          "name": "particle",
          "pool": true,
          "child": "",
          "spray": {
            "horizonAngle": 0,
            "horizonRandom": 0,
            "verticalAngle": 0,
            "verticalRandom": 0,
            "force": 1,
            "rate": 1
          },
          "id": null,
          "age": 0,
          "deadAge": 0.48393617021276597,
          "randomDeadAge": 0.5425531914893618,
          "proxy": "111512141011139-120615-413613-11390-072631215191471",
          "acceleration": [
            0,
            0,
            0
          ],
          "velocity": [
            0,
            0,
            0
          ],
          "mass": 1,
          "rotate": 0,
          "rotateSpeed": 0.0648936170212766,
          "randomRotate": 3.141592653589793,
          "randomPosition": [
            0,
            0,
            0
          ],
          "size": 0.6276595744680852,
          "randomSize": 0,
          "sizeIn": 0,
          "sizeOut": 0.4787234042553192,
          "enabledRotateAlongSpeed": false,
          "position": [
            0,
            0,
            0
          ],
          "rotate3d": [
            0,
            0,
            0
          ],
          "scale3d": [
            1,
            1,
            1
          ]
        },
        "spray": {
          "horizonAngle": 0,
          "horizonRandom": 0,
          "verticalAngle": 1.5707963267948966,
          "verticalRandom": 0.5681603735215585,
          "force": 0.9626595744680851,
          "rate": 30.000000000000004
        },
        "id": null,
        "age": 0,
        "deadAge": 30.000000000000004,
        "randomDeadAge": 0,
        "proxy": null,
        "acceleration": [
          0,
          0,
          0
        ],
        "velocity": [
          0,
          0,
          0
        ],
        "mass": 1,
        "rotate": 0,
        "rotateSpeed": 0,
        "randomRotate": 0,
        "randomPosition": [
          0,
          0,
          0
        ],
        "size": 1,
        "randomSize": 0,
        "sizeIn": 0,
        "sizeOut": 0,
        "enabledRotateAlongSpeed": false,
        "position": [
          0,
          0,
          0
        ],
        "rotate3d": [
          0,
          0,
          0
        ],
        "scale3d": [
          1,
          1,
          1
        ]
      }
    ],
    "mesh": [
      {
        "id": 0,
        "name": "無",
        "uuid": "30390077-101433-47213-1012149-14135815505541014"
      },
      {
        "id": 1,
        "name": "平面",
        "uuid": "111512141011139-120615-413613-11390-072631215191471",
        "extra": {
          "geometry": {
            "uuid": "2911715749-571412-41582-117413-138126209151121511",
            "category": "PLANE",
            "geo": {
              "width": 1,
              "height": 1
            }
          },
          "material": {
            "uuid": "131352133814-140144-431113-91205-1053621141531555"
          }
        }
      },
      {
        "id": 2,
        "name": "球體",
        "uuid": "13910750145-1115913-4034-11837-313221331291053",
        "extra": {
          "geometry": {
            "uuid": "07109158710-891013-4738-9151214-710772126448114",
            "category": "SPHERE",
            "geo": {
              "radius": 0.1
            }
          },
          "material": {
            "uuid": "1421505106-6601-451510-8826-71294091589225"
          }
        }
      }
    ],
    "material": [
      {
        "id": 0,
        "name": "粒子廣告版",
        "uuid": "131352133814-140144-431113-91205-1053621141531555",
        "extra": {
          "shader": {
            "baseColor": [
              1,
              1,
              1
            ],
            "usingNoise": true,
            "usingMask": true,
            "usingTex": 0,
            "uuid": "310101413313-131340-471413-119814-01131870719132",
            "category": "PARTICLE_SPRITE_SHADER",
            "blending": 2,
            "side": 0,
            "depthWrite": false,
            "transparent": true,
            "opacity": 1
          }
        }
      },
      {
        "id": 1,
        "name": "光照",
        "uuid": "1421505106-6601-451510-8826-71294091589225",
        "extra": {
          "shader": {
            "color": {
              "r": 1,
              "g": 1,
              "b": 1
            },
            "specular": {
              "r": 0.06666666666666667,
              "g": 0.06666666666666667,
              "b": 0.06666666666666667
            },
            "emissive": {
              "r": 0,
              "g": 0,
              "b": 0
            },
            "uuid": "10145111235-51167-4344-1014114-7315410215101355",
            "category": "PHONG_SHADER",
            "blending": 1,
            "side": 0,
            "depthWrite": true,
            "transparent": false,
            "opacity": 1
          }
        }
      }
    ],
    "force": {},
    "enviroment": {}
  },
  "editor": {
    "particle": [
      {
        "uuid": "13142652714-1215913-46110-931111-811121441211715812",
        "minMax": [
          [
            0.01,
            1
          ],
          [
            0,
            1
          ],
          [
            -0.1,
            0.1
          ],
          [
            -0.1,
            0.1
          ],
          [
            -0.1,
            0.1
          ],
          [
            -1,
            1
          ],
          [
            -1,
            1
          ],
          [
            -1,
            1
          ],
          [
            0.01,
            100
          ],
          [
            -180,
            180
          ],
          [
            -180,
            180
          ],
          [
            -1,
            0.3
          ],
          [
            0,
            5
          ],
          [
            0,
            5
          ],
          [
            0,
            5
          ],
          [
            0,
            1
          ],
          [
            0,
            3
          ],
          [
            0,
            3
          ],
          [
            0,
            1
          ],
          [
            -180,
            180
          ],
          [
            0,
            360
          ],
          [
            -180,
            180
          ],
          [
            0,
            180
          ],
          [
            0.01,
            10
          ],
          [
            0.01,
            10
          ]
        ]
      },
      {
        "uuid": "4122731010-810112-4279-9996-81213010117686415",